[{"pk": 1, "model": "core.producer", "fields": {"name": "Intel"}}, {"pk": 2, "model": "core.producer", "fields": {"name": "AMD"}}, {"pk": 3, "model": "core.producer", "fields": {"name": "Via"}}, {"pk": 4, "model": "core.producer", "fields": {"name": "Sun"}}, {"pk": 5, "model": "core.producer", "fields": {"name": "Zyxel"}}, {"pk": 1, "model": "core.good", "fields": {"name": "\u0413\u0432\u043e\u0437\u0434\u044c #1", "producer": 1}}, {"pk": 2, "model": "core.good", "fields": {"name": "\u0413\u0432\u043e\u0437\u0434\u044c #2", "producer": 2}}, {"pk": 3, "model": "core.good", "fields": {"name": "\u0413\u0432\u043e\u0437\u0434\u044c #3", "producer": 1}}, {"pk": 4, "model": "core.good", "fields": {"name": "\u0413\u0432\u043e\u0437\u0434\u044c #4", "producer": 4}}, {"pk": 5, "model": "core.good", "fields": {"name": "\u0413\u0432\u043e\u0437\u0434\u044c #5", "producer": 2}}, {"pk": 6, "model": "core.good", "fields": {"name": "\u0428\u0443\u0440\u0443\u043f \u21161", "producer": 2}}, {"pk": 7, "model": "core.good", "fields": {"name": "\u0428\u0443\u0440\u0443\u043f \u21162", "producer": 4}}, {"pk": 8, "model": "core.good", "fields": {"name": "\u0428\u0443\u0440\u0443\u043f \u21163", "producer": 1}}, {"pk": 9, "model": "core.good", "fields": {"name": "\u0428\u0443\u0440\u0443\u043f \u21164", "producer": 2}}, {"pk": 10, "model": "core.good", "fields": {"name": "\u0428\u0443\u0440\u0443\u043f \u21165", "producer": 2}}, {"pk": 11, "model": "core.good", "fields": {"name": "\u0413\u0430\u0439\u043a\u0430 \u21161", "producer": 1}}, {"pk": 12, "model": "core.good", "fields": {"name": "\u0413\u0430\u0439\u043a\u0430 \u21162", "producer": 5}}, {"pk": 13, "model": "core.good", "fields": {"name": "\u0413\u0430\u0439\u043a\u0430 \u21163", "producer": 5}}, {"pk": 14, "model": "core.good", "fields": {"name": "\u0413\u0430\u0439\u043a\u0430 \u21164", "producer": 5}}, {"pk": 15, "model": "core.good", "fields": {"name": "\u0413\u0430\u0439\u043a\u0430 \u21165", "producer": 4}}, {"pk": 16, "model": "core.good", "fields": {"name": "\u0428\u043f\u0430\u043b\u043e\u0443\u043a\u043b\u0430\u0434\u0447\u0438\u043a", "producer": 1}}, {"pk": 17, "model": "core.good", "fields": {"name": "\u041a\u0430\u0440\u044c\u0435\u0440\u043d\u044b\u0439 \u044d\u043a\u0441\u043a\u0430\u0432\u0430\u0442\u043e\u0440", "producer": 4}}, {"pk": 18, "model": "core.good", "fields": {"name": "\u0422\u044f\u0433\u043e\u0432\u044b\u0439 \u044d\u043b\u0435\u043a\u0442\u0440\u043e\u0432\u043e\u0437", "producer": 2}}, {"pk": 19, "model": "core.good", "fields": {"name": "\u041f\u0430\u0440\u043e\u0432\u043e\u0439 \u0434\u0432\u0438\u0433\u0430\u0442\u0435\u043b\u044c", "producer": 5}}, {"pk": 20, "model": "core.good", "fields": {"name": "\u0410\u0442\u043e\u043c\u043d\u044b\u0439 \u043b\u0435\u0434\u043e\u043a\u043e\u043b", "producer": 3}}, {"pk": 1, "model": "core.goodinfo", "fields": {"shop": 1, "good": 1, "added": "2011-11-21"}}, {"pk": 2, "model": "core.goodinfo", "fields": {"shop": 2, "good": 1, "added": "2011-11-21"}}, {"pk": 3, "model": "core.goodinfo", "fields": {"shop": 3, "good": 1, "added": "2011-11-21"}}, {"pk": 4, "model": "core.goodinfo", "fields": {"shop": 4, "good": 1, "added": "2011-11-21"}}, {"pk": 5, "model": "core.goodinfo", "fields": {"shop": 5, "good": 1, "added": "2011-11-21"}}, {"pk": 6, "model": "core.goodinfo", "fields": {"shop": 1, "good": 3, "added": "2011-11-21"}}, {"pk": 7, "model": "core.goodinfo", "fields": {"shop": 1, "good": 2, "added": "2011-11-21"}}, {"pk": 8, "model": "core.goodinfo", "fields": {"shop": 1, "good": 4, "added": "2011-11-21"}}, {"pk": 9, "model": "core.goodinfo", "fields": {"shop": 1, "good": 5, "added": "2011-11-21"}}, {"pk": 10, "model": "core.goodinfo", "fields": {"shop": 1, "good": 6, "added": "2011-11-21"}}, {"pk": 11, "model": "core.goodinfo", "fields": {"shop": 1, "good": 13, "added": "2011-11-21"}}, {"pk": 12, "model": "core.goodinfo", "fields": {"shop": 1, "good": 16, "added": "2011-11-21"}}, {"pk": 13, "model": "core.goodinfo", "fields": {"shop": 2, "good": 3, "added": "2011-11-21"}}, {"pk": 14, "model": "core.goodinfo", "fields": {"shop": 2, "good": 5, "added": "2011-11-21"}}, {"pk": 15, "model": "core.goodinfo", "fields": {"shop": 2, "good": 6, "added": "2011-11-21"}}, {"pk": 16, "model": "core.goodinfo", "fields": {"shop": 2, "good": 7, "added": "2011-11-21"}}, {"pk": 17, "model": "core.goodinfo", "fields": {"shop": 2, "good": 8, "added": "2011-11-21"}}, {"pk": 18, "model": "core.goodinfo", "fields": {"shop": 2, "good": 9, "added": "2011-11-21"}}, {"pk": 19, "model": "core.goodinfo", "fields": {"shop": 2, "good": 10, "added": "2011-11-21"}}, {"pk": 20, "model": "core.goodinfo", "fields": {"shop": 2, "good": 12, "added": "2011-11-21"}}, {"pk": 21, "model": "core.goodinfo", "fields": {"shop": 2, "good": 14, "added": "2011-11-21"}}, {"pk": 22, "model": "core.goodinfo", "fields": {"shop": 2, "good": 15, "added": "2011-11-21"}}, {"pk": 23, "model": "core.goodinfo", "fields": {"shop": 2, "good": 17, "added": "2011-11-21"}}, {"pk": 24, "model": "core.goodinfo", "fields": {"shop": 2, "good": 16, "added": "2011-11-21"}}, {"pk": 25, "model": "core.goodinfo", "fields": {"shop": 3, "good": 11, "added": "2011-11-21"}}, {"pk": 26, "model": "core.goodinfo", "fields": {"shop": 3, "good": 6, "added": "2011-11-21"}}, {"pk": 27, "model": "core.goodinfo", "fields": {"shop": 3, "good": 18, "added": "2011-11-21"}}, {"pk": 28, "model": "core.goodinfo", "fields": {"shop": 4, "good": 7, "added": "2011-11-21"}}, {"pk": 29, "model": "core.goodinfo", "fields": {"shop": 4, "good": 8, "added": "2011-11-21"}}, {"pk": 30, "model": "core.goodinfo", "fields": {"shop": 4, "good": 9, "added": "2011-11-21"}}, {"pk": 31, "model": "core.goodinfo", "fields": {"shop": 4, "good": 10, "added": "2011-11-21"}}, {"pk": 32, "model": "core.goodinfo", "fields": {"shop": 4, "good": 20, "added": "2011-11-21"}}, {"pk": 33, "model": "core.goodinfo", "fields": {"shop": 5, "good": 18, "added": "2011-11-21"}}, {"pk": 34, "model": "core.goodinfo", "fields": {"shop": 5, "good": 3, "added": "2011-11-21"}}, {"pk": 35, "model": "core.goodinfo", "fields": {"shop": 5, "good": 7, "added": "2011-11-21"}}, {"pk": 36, "model": "core.goodinfo", "fields": {"shop": 5, "good": 13, "added": "2011-11-21"}}, {"pk": 37, "model": "core.goodinfo", "fields": {"shop": 5, "good": 14, "added": "2011-11-21"}}, {"pk": 38, "model": "core.goodinfo", "fields": {"shop": 5, "good": 19, "added": "2011-11-21"}}, {"pk": 1, "model": "core.shop", "fields": {"added": "2011-11-21", "name": "\u041b\u0443\u0447\u0448\u0438\u0435 \u0433\u0432\u043e\u0437\u0434\u0438", "address": "\u0421\u0430\u043d\u043a\u0442-\u041f\u0435\u0442\u0435\u0440\u0431\u0443\u0440\u0433, \u041d\u0435\u0432\u0441\u043a\u0438\u0439 \u043f\u0440, 18"}}, {"pk": 2, "model": "core.shop", "fields": {"added": "2011-11-21", "name": "\u041c\u0435\u0442\u0438\u0437\u044b", "address": "\u0421\u0430\u043d\u043a\u0442-\u041f\u0435\u0442\u0435\u0440\u0431\u0443\u0440\u0433, \u043d\u0430\u0431. \u041c\u0430\u043a\u0430\u0440\u043e\u0432\u0430, 21"}}, {"pk": 3, "model": "core.shop", "fields": {"added": "2011-11-21", "name": "\u0412\u0441\u044f\u043a\u043e\u0435 \u0436\u0435\u043b\u0435\u0437\u043e", "address": "\u0421\u0430\u043d\u043a\u0442-\u041f\u0435\u0442\u0435\u0440\u0431\u0443\u0440\u0433, \u0421\u0430\u0434\u043e\u0432\u0430\u044f \u0443\u043b, 43"}}, {"pk": 4, "model": "core.shop", "fields": {"added": "2011-11-21", "name": "\u041e\u0441\u0442\u0440\u044b\u0435 \u0448\u0442\u0443\u0447\u043a\u0438", "address": "\u0421\u0430\u043d\u043a\u0442-\u041f\u0435\u0442\u0435\u0440\u0431\u0443\u0440\u0433, \u041c\u043e\u0441\u043a\u043e\u0432\u0441\u043a\u0438\u0439 \u043f\u0440, 18"}}, {"pk": 5, "model": "core.shop", "fields": {"added": "2011-11-21", "name": "\u0421\u0430\u043c\u043e\u0434\u0435\u043b\u043a\u0438\u043d", "address": "\u0421\u0430\u043d\u043a\u0442-\u041f\u0435\u0442\u0435\u0440\u0431\u0443\u0440\u0433, \u0443\u043b. \u0421\u0430\u0432\u0443\u0448\u043a\u0438\u043d\u0430, 108"}}]